State,Top Rate,Allocation Method
Alabama,5.0%,Duty days
Arizona,2.5%,Duty days
Arkansas,4.4%,Duty days
California,13.3%,Duty days (most aggressive enforcement)
Colorado,4.4%,Duty days
Connecticut,6.99%,Duty days
Delaware,6.6%,Duty days
Georgia,5.75%,Duty days
Hawaii,11.0%,Duty days
Idaho,5.8%,Duty days
Illinois,4.95% (flat),Games played
Indiana,3.05% (flat),Duty days
Iowa,5.7%,Duty days
Kansas,5.7%,Duty days
Kentucky,4.0%,Duty days
Louisiana,3.0%,Duty days
Maine,7.15%,Duty days
Maryland,5.75%,Duty days
Massachusetts,5.0%,Duty days
Michigan,4.05%,Duty days
Minnesota,9.85%,Duty days
Mississippi,4.7%,Duty days
Missouri,4.95%,Duty days
Montana,5.9%,Duty days
Nebraska,5.84%,Duty days
New Jersey,10.75%,Duty days
New Mexico,5.9%,Duty days
New York,10.9%,Duty days
North Carolina,4.5%,Duty days
North Dakota,2.5%,Duty days
Ohio,3.99%,Duty days or games played
Oklahoma,4.75%,Duty days
Oregon,9.9%,Duty days
Pennsylvania,3.07% (flat),Games played
Rhode Island,5.99%,Duty days
South Carolina,6.4%,Duty days
Utah,4.65% (flat),Duty days
Vermont,8.75%,Duty days
Virginia,5.75%,Duty days
West Virginia,5.12%,Duty days
Wisconsin,7.65%,Duty days
D.C.,10.75%,Duty days
