tax_year,filing_status,bracket_order,lower_bound,rate,verification_status,source
2024,single,1,0.0,0.1,needs_check,Tax Foundation 2024 federal brackets
2024,single,2,11600.0,0.12,needs_check,Tax Foundation 2024 federal brackets
2024,single,3,47150.0,0.22,needs_check,Tax Foundation 2024 federal brackets
2024,single,4,100525.0,0.24,needs_check,Tax Foundation 2024 federal brackets
2024,single,5,191950.0,0.32,needs_check,Tax Foundation 2024 federal brackets
2024,single,6,243725.0,0.35,needs_check,Tax Foundation 2024 federal brackets
2024,single,7,609350.0,0.37,needs_check,Tax Foundation 2024 federal brackets
2024,mfj,1,0.0,0.1,needs_check,Tax Foundation 2024 federal brackets
2024,mfj,2,23200.0,0.12,needs_check,Tax Foundation 2024 federal brackets
2024,mfj,3,94300.0,0.22,needs_check,Tax Foundation 2024 federal brackets
2024,mfj,4,201050.0,0.24,needs_check,Tax Foundation 2024 federal brackets
2024,mfj,5,383900.0,0.32,needs_check,Tax Foundation 2024 federal brackets
2024,mfj,6,487450.0,0.35,needs_check,Tax Foundation 2024 federal brackets
2024,mfj,7,731200.0,0.37,needs_check,Tax Foundation 2024 federal brackets
2024,hoh,1,0.0,0.1,needs_check,Tax Foundation 2024 federal brackets
2024,hoh,2,16550.0,0.12,needs_check,Tax Foundation 2024 federal brackets
2024,hoh,3,63100.0,0.22,needs_check,Tax Foundation 2024 federal brackets
2024,hoh,4,100500.0,0.24,needs_check,Tax Foundation 2024 federal brackets
2024,hoh,5,191950.0,0.32,needs_check,Tax Foundation 2024 federal brackets
2024,hoh,6,243700.0,0.35,needs_check,Tax Foundation 2024 federal brackets
2024,hoh,7,609350.0,0.37,needs_check,Tax Foundation 2024 federal brackets
2025,single,1,0.0,0.1,needs_check,Tax Foundation 2025 federal brackets
2025,single,2,11925.0,0.12,needs_check,Tax Foundation 2025 federal brackets
2025,single,3,48475.0,0.22,needs_check,Tax Foundation 2025 federal brackets
2025,single,4,103350.0,0.24,needs_check,Tax Foundation 2025 federal brackets
2025,single,5,197300.0,0.32,needs_check,Tax Foundation 2025 federal brackets
2025,single,6,250525.0,0.35,needs_check,Tax Foundation 2025 federal brackets
2025,single,7,626350.0,0.37,needs_check,Tax Foundation 2025 federal brackets
2025,mfj,1,0.0,0.1,needs_check,Tax Foundation 2025 federal brackets
2025,mfj,2,23850.0,0.12,needs_check,Tax Foundation 2025 federal brackets
2025,mfj,3,96950.0,0.22,needs_check,Tax Foundation 2025 federal brackets
2025,mfj,4,206700.0,0.24,needs_check,Tax Foundation 2025 federal brackets
2025,mfj,5,394600.0,0.32,needs_check,Tax Foundation 2025 federal brackets
2025,mfj,6,501050.0,0.35,needs_check,Tax Foundation 2025 federal brackets
2025,mfj,7,751600.0,0.37,needs_check,Tax Foundation 2025 federal brackets
2025,hoh,1,0.0,0.1,needs_check,Tax Foundation 2025 federal brackets
2025,hoh,2,17000.0,0.12,needs_check,Tax Foundation 2025 federal brackets
2025,hoh,3,64850.0,0.22,needs_check,Tax Foundation 2025 federal brackets
2025,hoh,4,103350.0,0.24,needs_check,Tax Foundation 2025 federal brackets
2025,hoh,5,197300.0,0.32,needs_check,Tax Foundation 2025 federal brackets
2025,hoh,6,250500.0,0.35,needs_check,Tax Foundation 2025 federal brackets
2025,hoh,7,626350.0,0.37,needs_check,Tax Foundation 2025 federal brackets
2026,single,1,0.0,0.1,verified,Tax Foundation 2026 federal brackets
2026,single,2,12400.0,0.12,verified,Tax Foundation 2026 federal brackets
2026,single,3,50400.0,0.22,verified,Tax Foundation 2026 federal brackets
2026,single,4,105700.0,0.24,verified,Tax Foundation 2026 federal brackets
2026,single,5,201775.0,0.32,verified,Tax Foundation 2026 federal brackets
2026,single,6,256225.0,0.35,verified,Tax Foundation 2026 federal brackets
2026,single,7,640600.0,0.37,verified,Tax Foundation 2026 federal brackets
2026,mfj,1,0.0,0.1,verified,Tax Foundation 2026 federal brackets
2026,mfj,2,24800.0,0.12,verified,Tax Foundation 2026 federal brackets
2026,mfj,3,100800.0,0.22,verified,Tax Foundation 2026 federal brackets
2026,mfj,4,211400.0,0.24,verified,Tax Foundation 2026 federal brackets
2026,mfj,5,403550.0,0.32,verified,Tax Foundation 2026 federal brackets
2026,mfj,6,512450.0,0.35,verified,Tax Foundation 2026 federal brackets
2026,mfj,7,768700.0,0.37,verified,Tax Foundation 2026 federal brackets
2026,hoh,1,0.0,0.1,needs_check,Tax Foundation 2026 federal brackets
2026,hoh,2,17700.0,0.12,needs_check,Tax Foundation 2026 federal brackets
2026,hoh,3,67450.0,0.22,needs_check,Tax Foundation 2026 federal brackets
2026,hoh,4,105700.0,0.24,needs_check,Tax Foundation 2026 federal brackets
2026,hoh,5,201775.0,0.32,needs_check,Tax Foundation 2026 federal brackets
2026,hoh,6,256200.0,0.35,needs_check,Tax Foundation 2026 federal brackets
2026,hoh,7,640600.0,0.37,needs_check,Tax Foundation 2026 federal brackets
