state_code,league,tax_year,sourcing_method,duty_day_definition,employer_withholding_required,composite_return_allowed,signing_bonus_sourcing,retaliatory_provision,statute_citation,verification_status,notes,source_url
MA,ALL,2026,duty_day,"FTA uniform rule: preseason training through last game incl. postseason; games, practices, meetings, caravans; travel days w/o event and injured days off team facilities count only in the denominator",,1.0,residence_if_three_part_test,0,830 CMR 62.5A.2,verified,Composite return allowed for 2+ qualified nonresident members. Resident = domicile OR permanent abode + >183 days in MA. Surtax applies only to MA-sourced income over threshold.,https://www.mass.gov/regulations/830-CMR-625a2-compensation-received-by-non-resident-professional-team-athletes
IL,ALL,2026,duty_day,"FTA uniform rule: preseason training through last game incl. postseason; games, practices, meetings, caravans; travel days w/o event and injured days off team facilities count only in the denominator (in statute)",,,residence_if_three_part_test,0,35 ILCS 5/304(a)(2)(B)(iv),verified,Current statute text (as of 1/1/2025) has no retaliatory clause; the 1992 retaliatory language is superseded. Old CSV said games played: wrong.,https://codes.findlaw.com/il/chapter-35-revenue/il-st-sect-35-5-304/
NJ,ALL,2026,duty_day,"FTA uniform rule: preseason training through last game incl. postseason; games, practices, meetings, caravans; travel days w/o event and injured days off team facilities count only in the denominator; playoff days after Dec 31 count in the next tax year",,,unknown,0,N.J.A.C. 18:35-5.1,verified,Bonus definition follows FTA wording; confirm 3-part test text.,https://www.law.cornell.edu/regulations/new-jersey/N-J-A-C-18-35-5-1
AZ,ALL,2026,duty_day,"FTA uniform rule: preseason training through last game incl. postseason; games, practices, meetings, caravans; travel days w/o event and injured days off team facilities count only in the denominator",,,unknown,0,A.A.C. R15-2C-604,verified,Bonus definition present; confirm 3-part test.,https://regulations.justia.com/states/arizona/title-15/chapter-2/subchapter-c/article-6/r15-2c-604
UT,ALL,2026,duty_day,"FTA uniform rule: preseason training through last game incl. postseason; games, practices, meetings, caravans; travel days w/o event and injured days off team facilities count only in the denominator",1.0,,unknown,0,Utah Admin. Code R865-9I-44,verified,Team MUST withhold; nonresident need not file if team withheld and no other UT income.,https://www.law.cornell.edu/regulations/utah/Utah-Admin-Code-R865-9I-44
RI,ALL,2026,duty_day,"FTA uniform rule: preseason training through last game incl. postseason; games, practices, meetings, caravans; travel days w/o event and injured days off team facilities count only in the denominator",,1.0,unknown,0,280-RICR-20-55-11,verified,Composite return allowed.,https://rules.sos.ri.gov/Regulations/part/280-20-55-11?reg_id=9679
MD,ALL,2026,duty_day,"FTA uniform rule: preseason training through last game incl. postseason; games, practices, meetings, caravans; travel days w/o event and injured days off team facilities count only in the denominator",,,unknown,0,MD Income Tax Admin. Release No. 24,verified,Visitors also owe 2.25% special nonresident tax in lieu of county tax (see local_tax_rates).,https://www.marylandcomptroller.gov/content/dam/mdcomp/tax/legal-publications/administrative-releases/income-and-estate-tax/ar_it24.pdf
OR,ALL,2026,duty_day,"FTA uniform rule: preseason training through last game incl. postseason; games, practices, meetings, caravans; travel days w/o event and injured days off team facilities count only in the denominator",,,unknown,0,OAR 150-316-0175,verified,,https://regulations.justia.com/states/oregon/chapter-150/division-316/section-150-316-0175
WI,ALL,2026,duty_day,"FTA uniform rule: preseason training through last game incl. postseason; games, practices, meetings, caravans; travel days w/o event and injured days off team facilities count only in the denominator",,,unknown,0,Wis. Admin. Code Tax 2.31,verified,Rule states it is based on the FTA uniform regulations.,https://docs.legis.wisconsin.gov/code/misc/chr/lrb_scanned/cr_95_202_final_rule_filed_with_lrb.pdf
CA,ALL,2026,duty_day,"FTA uniform rule: preseason training through last game incl. postseason; games, practices, meetings, caravans; travel days w/o event and injured days off team facilities count only in the denominator",,,partial_duty_days,0,"Cal. Code Regs. tit. 18, 18662-6(f) (draft); R&TC 17951",needs_check,Bonus allocated by duty days to the extent services are required to receive or keep it; unconditional nonrefundable part to residence. Aggressive enforcement (Testaverde).,https://www.ftb.ca.gov/tax-pros/law/final-regulations/18662-0-to-6-and-8/draft-language.pdf
NY,ALL,2026,duty_day,"FTA uniform rule: preseason training through last game incl. postseason; games, practices, meetings, caravans; travel days w/o event and injured days off team facilities count only in the denominator",,,residence_if_three_part_test,0,20 NYCRR 132.18; TSB-A-95(6)I,needs_check,Bonus test verified via advisory opinion; duty-day reg text not yet opened. NYC taxes residents only.,https://tax.ny.gov/pdf/advisory_opinions/income/a95_6i.pdf
PA,ALL,2026,general_nonresident,Working-days ratio excluding nonworking days (61 Pa. Code 109.8); Tax Notes lists an athlete rule,,,unknown,0,"61 Pa. Code 109.8, 113.2",needs_check,Old CSV said games played: no source supports that. Signing bonuses are listed as compensation (101.6); sourcing TBD.,https://www.pacodeandbulletin.gov/Display/pacode?file=%2Fsecure%2Fpacode%2Fdata%2F061%2Fchapter109%2Fs109.8.html
OH,ALL,2026,general_nonresident,State: general rule. Cities: duty days required (Hillenmeyer 2015); athletes excluded from occasional-entrant exemption,,,unknown,0,R.C. 718.011,needs_check,Old CSV said 'duty days or games played'. Games-played is unconstitutional for cities.,https://law.justia.com/codes/ohio/2013/title-7/chapter-718/section-718.011/
DC,ALL,2026,not_taxed,DC cannot tax nonresident wages,0.0,,unknown,0,,needs_check,Nonresident athletes owe DC nothing on wages.,
CO,ALL,2026,duty_day,Tax Notes State (2024-05-31) lists an athlete-specific duty-day rule; text not yet opened,,,unknown,0,,needs_check,Athlete duty-day rule per Tax Notes 2024; open the rule text.,
CT,ALL,2026,duty_day,Tax Notes State (2024-05-31) lists an athlete-specific duty-day rule; text not yet opened,,,unknown,0,,needs_check,Athlete duty-day rule per Tax Notes 2024; open the rule text.,
IA,ALL,2026,duty_day,Tax Notes State (2024-05-31) lists an athlete-specific duty-day rule; text not yet opened,,,unknown,0,,needs_check,Athlete duty-day rule per Tax Notes 2024; open the rule text.,
IN,ALL,2026,duty_day,Tax Notes State (2024-05-31) lists an athlete-specific duty-day rule; text not yet opened,,,unknown,0,,needs_check,Athlete duty-day rule per Tax Notes 2024; open the rule text.,
LA,ALL,2026,duty_day,Tax Notes State (2024-05-31) lists an athlete-specific duty-day rule; text not yet opened,,,unknown,0,,needs_check,Athlete duty-day rule per Tax Notes 2024; open the rule text.,
ME,ALL,2026,duty_day,Tax Notes State (2024-05-31) lists an athlete-specific duty-day rule; text not yet opened,,,unknown,0,,needs_check,Athlete duty-day rule per Tax Notes 2024; open the rule text.,
MI,ALL,2026,duty_day,Tax Notes State (2024-05-31) lists an athlete-specific duty-day rule; text not yet opened,,,unknown,0,,needs_check,Athlete duty-day rule per Tax Notes 2024; open the rule text.,
MO,ALL,2026,duty_day,Tax Notes State (2024-05-31) lists an athlete-specific duty-day rule; text not yet opened,,,unknown,0,,needs_check,Athlete duty-day rule per Tax Notes 2024; open the rule text.,
NC,ALL,2026,duty_day,Tax Notes State (2024-05-31) lists an athlete-specific duty-day rule; text not yet opened,,,unknown,0,,needs_check,Athlete duty-day rule per Tax Notes 2024; open the rule text.,
VA,ALL,2026,duty_day,Tax Notes State (2024-05-31) lists an athlete-specific duty-day rule; text not yet opened,,,unknown,0,,needs_check,Athlete duty-day rule per Tax Notes 2024; open the rule text.,
AL,ALL,2026,general_nonresident,General nonresident sourcing; practitioners apply duty days,,,unknown,0,,needs_check,Not on Tax Notes athlete-rule list.,
AR,ALL,2026,general_nonresident,General nonresident sourcing; practitioners apply duty days,,,unknown,0,,needs_check,Not on Tax Notes athlete-rule list.,
DE,ALL,2026,general_nonresident,General nonresident sourcing; practitioners apply duty days,,,unknown,0,,needs_check,Not on Tax Notes athlete-rule list.,
GA,ALL,2026,general_nonresident,General nonresident sourcing; practitioners apply duty days,,,unknown,0,,needs_check,Not on Tax Notes athlete-rule list.,
HI,ALL,2026,general_nonresident,General nonresident sourcing; practitioners apply duty days,,,unknown,0,,needs_check,Not on Tax Notes athlete-rule list.,
ID,ALL,2026,general_nonresident,General nonresident sourcing; practitioners apply duty days,,,unknown,0,,needs_check,Not on Tax Notes athlete-rule list.,
KS,ALL,2026,general_nonresident,General nonresident sourcing; practitioners apply duty days,,,unknown,0,,needs_check,Not on Tax Notes athlete-rule list.,
KY,ALL,2026,general_nonresident,General nonresident sourcing; practitioners apply duty days,,,unknown,0,,needs_check,Not on Tax Notes athlete-rule list.,
MN,ALL,2026,general_nonresident,General nonresident sourcing; practitioners apply duty days,,,unknown,0,,needs_check,Not on Tax Notes athlete-rule list.,
MS,ALL,2026,general_nonresident,General nonresident sourcing; practitioners apply duty days,,,unknown,0,,needs_check,Not on Tax Notes athlete-rule list.,
MT,ALL,2026,general_nonresident,General nonresident sourcing; practitioners apply duty days,,,unknown,0,,needs_check,Not on Tax Notes athlete-rule list.,
NE,ALL,2026,general_nonresident,General nonresident sourcing; practitioners apply duty days,,,unknown,0,,needs_check,Not on Tax Notes athlete-rule list.,
NM,ALL,2026,general_nonresident,General nonresident sourcing; practitioners apply duty days,,,unknown,0,,needs_check,Not on Tax Notes athlete-rule list.,
ND,ALL,2026,general_nonresident,General nonresident sourcing; practitioners apply duty days,,,unknown,0,,needs_check,Not on Tax Notes athlete-rule list.,
OK,ALL,2026,general_nonresident,General nonresident sourcing; practitioners apply duty days,,,unknown,0,,needs_check,Not on Tax Notes athlete-rule list.,
SC,ALL,2026,general_nonresident,General nonresident sourcing; practitioners apply duty days,,,unknown,0,,needs_check,Not on Tax Notes athlete-rule list.,
VT,ALL,2026,general_nonresident,General nonresident sourcing; practitioners apply duty days,,,unknown,0,,needs_check,Not on Tax Notes athlete-rule list.,
WV,ALL,2026,general_nonresident,General nonresident sourcing; practitioners apply duty days,,,unknown,0,,needs_check,Not on Tax Notes athlete-rule list.,
