tax_year,state_code,filing_status,bracket_order,lower_bound,rate,verification_status,source
2026,AL,mfj,1,0.0,0.02,needs_check,"Tax Foundation, State Individual Income Tax Rates and Brackets 2026 (as of 2026-01-01)"
2026,AL,mfj,2,1000.0,0.04,needs_check,"Tax Foundation, State Individual Income Tax Rates and Brackets 2026 (as of 2026-01-01)"
2026,AL,mfj,3,6000.0,0.05,needs_check,"Tax Foundation, State Individual Income Tax Rates and Brackets 2026 (as of 2026-01-01)"
2026,AL,single,1,0.0,0.02,needs_check,"Tax Foundation, State Individual Income Tax Rates and Brackets 2026 (as of 2026-01-01)"
2026,AL,single,2,500.0,0.04,needs_check,"Tax Foundation, State Individual Income Tax Rates and Brackets 2026 (as of 2026-01-01)"
2026,AL,single,3,3000.0,0.05,needs_check,"Tax Foundation, State Individual Income Tax Rates and Brackets 2026 (as of 2026-01-01)"
2026,AR,mfj,1,0.0,0.02,stale_2025,"Tax Foundation, State Individual Income Tax Rates and Brackets 2026 (as of 2026-01-01)"
2026,AR,mfj,2,4600.0,0.039,stale_2025,"Tax Foundation, State Individual Income Tax Rates and Brackets 2026 (as of 2026-01-01)"
2026,AR,single,1,0.0,0.02,stale_2025,"Tax Foundation, State Individual Income Tax Rates and Brackets 2026 (as of 2026-01-01)"
2026,AR,single,2,4600.0,0.039,stale_2025,"Tax Foundation, State Individual Income Tax Rates and Brackets 2026 (as of 2026-01-01)"
2026,AZ,mfj,1,0.0,0.025,needs_check,"Tax Foundation, State Individual Income Tax Rates and Brackets 2026 (as of 2026-01-01)"
2026,AZ,single,1,0.0,0.025,needs_check,"Tax Foundation, State Individual Income Tax Rates and Brackets 2026 (as of 2026-01-01)"
2026,CA,mfj,1,0.0,0.01,stale_2025,"Tax Foundation, State Individual Income Tax Rates and Brackets 2026 (as of 2026-01-01)"
2026,CA,mfj,2,22158.0,0.02,stale_2025,"Tax Foundation, State Individual Income Tax Rates and Brackets 2026 (as of 2026-01-01)"
2026,CA,mfj,3,52528.0,0.04,stale_2025,"Tax Foundation, State Individual Income Tax Rates and Brackets 2026 (as of 2026-01-01)"
2026,CA,mfj,4,82904.0,0.06,stale_2025,"Tax Foundation, State Individual Income Tax Rates and Brackets 2026 (as of 2026-01-01)"
2026,CA,mfj,5,115084.0,0.08,stale_2025,"Tax Foundation, State Individual Income Tax Rates and Brackets 2026 (as of 2026-01-01)"
2026,CA,mfj,6,145448.0,0.093,stale_2025,"Tax Foundation, State Individual Income Tax Rates and Brackets 2026 (as of 2026-01-01)"
2026,CA,mfj,7,742958.0,0.103,stale_2025,"Tax Foundation, State Individual Income Tax Rates and Brackets 2026 (as of 2026-01-01)"
2026,CA,mfj,8,891542.0,0.113,stale_2025,"Tax Foundation, State Individual Income Tax Rates and Brackets 2026 (as of 2026-01-01)"
2026,CA,mfj,9,1485906.0,0.123,stale_2025,"Tax Foundation, State Individual Income Tax Rates and Brackets 2026 (as of 2026-01-01)"
2026,CA,single,1,0.0,0.01,stale_2025,"Tax Foundation, State Individual Income Tax Rates and Brackets 2026 (as of 2026-01-01)"
2026,CA,single,2,11079.0,0.02,stale_2025,"Tax Foundation, State Individual Income Tax Rates and Brackets 2026 (as of 2026-01-01)"
2026,CA,single,3,26264.0,0.04,stale_2025,"Tax Foundation, State Individual Income Tax Rates and Brackets 2026 (as of 2026-01-01)"
2026,CA,single,4,41452.0,0.06,stale_2025,"Tax Foundation, State Individual Income Tax Rates and Brackets 2026 (as of 2026-01-01)"
2026,CA,single,5,57542.0,0.08,stale_2025,"Tax Foundation, State Individual Income Tax Rates and Brackets 2026 (as of 2026-01-01)"
2026,CA,single,6,72724.0,0.093,stale_2025,"Tax Foundation, State Individual Income Tax Rates and Brackets 2026 (as of 2026-01-01)"
2026,CA,single,7,371479.0,0.103,stale_2025,"Tax Foundation, State Individual Income Tax Rates and Brackets 2026 (as of 2026-01-01)"
2026,CA,single,8,445771.0,0.113,stale_2025,"Tax Foundation, State Individual Income Tax Rates and Brackets 2026 (as of 2026-01-01)"
2026,CA,single,9,742953.0,0.123,stale_2025,"Tax Foundation, State Individual Income Tax Rates and Brackets 2026 (as of 2026-01-01)"
2026,CO,mfj,1,0.0,0.044,needs_check,"Tax Foundation, State Individual Income Tax Rates and Brackets 2026 (as of 2026-01-01)"
2026,CO,single,1,0.0,0.044,needs_check,"Tax Foundation, State Individual Income Tax Rates and Brackets 2026 (as of 2026-01-01)"
2026,CT,mfj,1,0.0,0.02,needs_check,"Tax Foundation, State Individual Income Tax Rates and Brackets 2026 (as of 2026-01-01)"
2026,CT,mfj,2,20000.0,0.045,needs_check,"Tax Foundation, State Individual Income Tax Rates and Brackets 2026 (as of 2026-01-01)"
2026,CT,mfj,3,100000.0,0.055,needs_check,"Tax Foundation, State Individual Income Tax Rates and Brackets 2026 (as of 2026-01-01)"
2026,CT,mfj,4,200000.0,0.06,needs_check,"Tax Foundation, State Individual Income Tax Rates and Brackets 2026 (as of 2026-01-01)"
2026,CT,mfj,5,400000.0,0.065,needs_check,"Tax Foundation, State Individual Income Tax Rates and Brackets 2026 (as of 2026-01-01)"
2026,CT,mfj,6,500000.0,0.069,needs_check,"Tax Foundation, State Individual Income Tax Rates and Brackets 2026 (as of 2026-01-01)"
2026,CT,mfj,7,1000000.0,0.0699,needs_check,"Tax Foundation, State Individual Income Tax Rates and Brackets 2026 (as of 2026-01-01)"
2026,CT,single,1,0.0,0.02,needs_check,"Tax Foundation, State Individual Income Tax Rates and Brackets 2026 (as of 2026-01-01)"
2026,CT,single,2,10000.0,0.045,needs_check,"Tax Foundation, State Individual Income Tax Rates and Brackets 2026 (as of 2026-01-01)"
2026,CT,single,3,50000.0,0.055,needs_check,"Tax Foundation, State Individual Income Tax Rates and Brackets 2026 (as of 2026-01-01)"
2026,CT,single,4,100000.0,0.06,needs_check,"Tax Foundation, State Individual Income Tax Rates and Brackets 2026 (as of 2026-01-01)"
2026,CT,single,5,200000.0,0.065,needs_check,"Tax Foundation, State Individual Income Tax Rates and Brackets 2026 (as of 2026-01-01)"
2026,CT,single,6,250000.0,0.069,needs_check,"Tax Foundation, State Individual Income Tax Rates and Brackets 2026 (as of 2026-01-01)"
2026,CT,single,7,500000.0,0.0699,needs_check,"Tax Foundation, State Individual Income Tax Rates and Brackets 2026 (as of 2026-01-01)"
2026,DC,mfj,1,0.0,0.04,needs_check,"Tax Foundation, State Individual Income Tax Rates and Brackets 2026 (as of 2026-01-01)"
2026,DC,mfj,2,10000.0,0.06,needs_check,"Tax Foundation, State Individual Income Tax Rates and Brackets 2026 (as of 2026-01-01)"
2026,DC,mfj,3,40000.0,0.065,needs_check,"Tax Foundation, State Individual Income Tax Rates and Brackets 2026 (as of 2026-01-01)"
2026,DC,mfj,4,60000.0,0.085,needs_check,"Tax Foundation, State Individual Income Tax Rates and Brackets 2026 (as of 2026-01-01)"
2026,DC,mfj,5,250000.0,0.0925,needs_check,"Tax Foundation, State Individual Income Tax Rates and Brackets 2026 (as of 2026-01-01)"
2026,DC,mfj,6,500000.0,0.0975,needs_check,"Tax Foundation, State Individual Income Tax Rates and Brackets 2026 (as of 2026-01-01)"
2026,DC,mfj,7,1000000.0,0.1075,needs_check,"Tax Foundation, State Individual Income Tax Rates and Brackets 2026 (as of 2026-01-01)"
2026,DC,single,1,0.0,0.04,needs_check,"Tax Foundation, State Individual Income Tax Rates and Brackets 2026 (as of 2026-01-01)"
2026,DC,single,2,10000.0,0.06,needs_check,"Tax Foundation, State Individual Income Tax Rates and Brackets 2026 (as of 2026-01-01)"
2026,DC,single,3,40000.0,0.065,needs_check,"Tax Foundation, State Individual Income Tax Rates and Brackets 2026 (as of 2026-01-01)"
2026,DC,single,4,60000.0,0.085,needs_check,"Tax Foundation, State Individual Income Tax Rates and Brackets 2026 (as of 2026-01-01)"
2026,DC,single,5,250000.0,0.0925,needs_check,"Tax Foundation, State Individual Income Tax Rates and Brackets 2026 (as of 2026-01-01)"
2026,DC,single,6,500000.0,0.0975,needs_check,"Tax Foundation, State Individual Income Tax Rates and Brackets 2026 (as of 2026-01-01)"
2026,DC,single,7,1000000.0,0.1075,needs_check,"Tax Foundation, State Individual Income Tax Rates and Brackets 2026 (as of 2026-01-01)"
2026,DE,mfj,1,0.0,0.0,needs_check,"Tax Foundation, State Individual Income Tax Rates and Brackets 2026 (as of 2026-01-01)"
2026,DE,mfj,2,2000.0,0.022,needs_check,"Tax Foundation, State Individual Income Tax Rates and Brackets 2026 (as of 2026-01-01)"
2026,DE,mfj,3,5000.0,0.039,needs_check,"Tax Foundation, State Individual Income Tax Rates and Brackets 2026 (as of 2026-01-01)"
2026,DE,mfj,4,10000.0,0.048,needs_check,"Tax Foundation, State Individual Income Tax Rates and Brackets 2026 (as of 2026-01-01)"
2026,DE,mfj,5,20000.0,0.052,needs_check,"Tax Foundation, State Individual Income Tax Rates and Brackets 2026 (as of 2026-01-01)"
2026,DE,mfj,6,25000.0,0.0555,needs_check,"Tax Foundation, State Individual Income Tax Rates and Brackets 2026 (as of 2026-01-01)"
2026,DE,mfj,7,60000.0,0.066,needs_check,"Tax Foundation, State Individual Income Tax Rates and Brackets 2026 (as of 2026-01-01)"
2026,DE,single,1,0.0,0.0,needs_check,"Tax Foundation, State Individual Income Tax Rates and Brackets 2026 (as of 2026-01-01)"
2026,DE,single,2,2000.0,0.022,needs_check,"Tax Foundation, State Individual Income Tax Rates and Brackets 2026 (as of 2026-01-01)"
2026,DE,single,3,5000.0,0.039,needs_check,"Tax Foundation, State Individual Income Tax Rates and Brackets 2026 (as of 2026-01-01)"
2026,DE,single,4,10000.0,0.048,needs_check,"Tax Foundation, State Individual Income Tax Rates and Brackets 2026 (as of 2026-01-01)"
2026,DE,single,5,20000.0,0.052,needs_check,"Tax Foundation, State Individual Income Tax Rates and Brackets 2026 (as of 2026-01-01)"
2026,DE,single,6,25000.0,0.0555,needs_check,"Tax Foundation, State Individual Income Tax Rates and Brackets 2026 (as of 2026-01-01)"
2026,DE,single,7,60000.0,0.066,needs_check,"Tax Foundation, State Individual Income Tax Rates and Brackets 2026 (as of 2026-01-01)"
2026,GA,mfj,1,0.0,0.0499,verified,HB 463 (Georgia Economic Growth and Tax Relief Act of 2026)
2026,GA,single,1,0.0,0.0499,verified,HB 463 (Georgia Economic Growth and Tax Relief Act of 2026)
2026,HI,mfj,1,0.0,0.014,needs_check,"Tax Foundation, State Individual Income Tax Rates and Brackets 2026 (as of 2026-01-01)"
2026,HI,mfj,2,19200.0,0.032,needs_check,"Tax Foundation, State Individual Income Tax Rates and Brackets 2026 (as of 2026-01-01)"
2026,HI,mfj,3,28800.0,0.055,needs_check,"Tax Foundation, State Individual Income Tax Rates and Brackets 2026 (as of 2026-01-01)"
2026,HI,mfj,4,38400.0,0.064,needs_check,"Tax Foundation, State Individual Income Tax Rates and Brackets 2026 (as of 2026-01-01)"
2026,HI,mfj,5,48000.0,0.068,needs_check,"Tax Foundation, State Individual Income Tax Rates and Brackets 2026 (as of 2026-01-01)"
2026,HI,mfj,6,72000.0,0.072,needs_check,"Tax Foundation, State Individual Income Tax Rates and Brackets 2026 (as of 2026-01-01)"
2026,HI,mfj,7,96000.0,0.076,needs_check,"Tax Foundation, State Individual Income Tax Rates and Brackets 2026 (as of 2026-01-01)"
2026,HI,mfj,8,250000.0,0.079,needs_check,"Tax Foundation, State Individual Income Tax Rates and Brackets 2026 (as of 2026-01-01)"
2026,HI,mfj,9,350000.0,0.0825,needs_check,"Tax Foundation, State Individual Income Tax Rates and Brackets 2026 (as of 2026-01-01)"
2026,HI,mfj,10,450000.0,0.09,needs_check,"Tax Foundation, State Individual Income Tax Rates and Brackets 2026 (as of 2026-01-01)"
2026,HI,mfj,11,550000.0,0.1,needs_check,"Tax Foundation, State Individual Income Tax Rates and Brackets 2026 (as of 2026-01-01)"
2026,HI,mfj,12,650000.0,0.11,needs_check,"Tax Foundation, State Individual Income Tax Rates and Brackets 2026 (as of 2026-01-01)"
2026,HI,single,1,0.0,0.014,needs_check,"Tax Foundation, State Individual Income Tax Rates and Brackets 2026 (as of 2026-01-01)"
2026,HI,single,2,9600.0,0.032,needs_check,"Tax Foundation, State Individual Income Tax Rates and Brackets 2026 (as of 2026-01-01)"
2026,HI,single,3,14400.0,0.055,needs_check,"Tax Foundation, State Individual Income Tax Rates and Brackets 2026 (as of 2026-01-01)"
2026,HI,single,4,19200.0,0.064,needs_check,"Tax Foundation, State Individual Income Tax Rates and Brackets 2026 (as of 2026-01-01)"
2026,HI,single,5,24000.0,0.068,needs_check,"Tax Foundation, State Individual Income Tax Rates and Brackets 2026 (as of 2026-01-01)"
2026,HI,single,6,36000.0,0.072,needs_check,"Tax Foundation, State Individual Income Tax Rates and Brackets 2026 (as of 2026-01-01)"
2026,HI,single,7,48000.0,0.076,needs_check,"Tax Foundation, State Individual Income Tax Rates and Brackets 2026 (as of 2026-01-01)"
2026,HI,single,8,125000.0,0.079,needs_check,"Tax Foundation, State Individual Income Tax Rates and Brackets 2026 (as of 2026-01-01)"
2026,HI,single,9,175000.0,0.0825,needs_check,"Tax Foundation, State Individual Income Tax Rates and Brackets 2026 (as of 2026-01-01)"
2026,HI,single,10,225000.0,0.09,needs_check,"Tax Foundation, State Individual Income Tax Rates and Brackets 2026 (as of 2026-01-01)"
2026,HI,single,11,275000.0,0.1,needs_check,"Tax Foundation, State Individual Income Tax Rates and Brackets 2026 (as of 2026-01-01)"
2026,HI,single,12,325000.0,0.11,needs_check,"Tax Foundation, State Individual Income Tax Rates and Brackets 2026 (as of 2026-01-01)"
2026,IA,mfj,1,0.0,0.038,needs_check,"Tax Foundation, State Individual Income Tax Rates and Brackets 2026 (as of 2026-01-01)"
2026,IA,single,1,0.0,0.038,needs_check,"Tax Foundation, State Individual Income Tax Rates and Brackets 2026 (as of 2026-01-01)"
2026,ID,mfj,1,0.0,0.0,needs_check,"Tax Foundation, State Individual Income Tax Rates and Brackets 2026 (as of 2026-01-01)"
2026,ID,mfj,2,9622.0,0.053,needs_check,"Tax Foundation, State Individual Income Tax Rates and Brackets 2026 (as of 2026-01-01)"
2026,ID,single,1,0.0,0.0,needs_check,"Tax Foundation, State Individual Income Tax Rates and Brackets 2026 (as of 2026-01-01)"
2026,ID,single,2,4811.0,0.053,needs_check,"Tax Foundation, State Individual Income Tax Rates and Brackets 2026 (as of 2026-01-01)"
2026,IL,mfj,1,0.0,0.0495,needs_check,"Tax Foundation, State Individual Income Tax Rates and Brackets 2026 (as of 2026-01-01)"
2026,IL,single,1,0.0,0.0495,needs_check,"Tax Foundation, State Individual Income Tax Rates and Brackets 2026 (as of 2026-01-01)"
2026,IN,mfj,1,0.0,0.0295,needs_check,"Tax Foundation, State Individual Income Tax Rates and Brackets 2026 (as of 2026-01-01)"
2026,IN,single,1,0.0,0.0295,needs_check,"Tax Foundation, State Individual Income Tax Rates and Brackets 2026 (as of 2026-01-01)"
2026,KS,mfj,1,0.0,0.052,needs_check,"Tax Foundation, State Individual Income Tax Rates and Brackets 2026 (as of 2026-01-01)"
2026,KS,mfj,2,46000.0,0.0558,needs_check,"Tax Foundation, State Individual Income Tax Rates and Brackets 2026 (as of 2026-01-01)"
2026,KS,single,1,0.0,0.052,needs_check,"Tax Foundation, State Individual Income Tax Rates and Brackets 2026 (as of 2026-01-01)"
2026,KS,single,2,23000.0,0.0558,needs_check,"Tax Foundation, State Individual Income Tax Rates and Brackets 2026 (as of 2026-01-01)"
2026,KY,mfj,1,0.0,0.035,needs_check,"Tax Foundation, State Individual Income Tax Rates and Brackets 2026 (as of 2026-01-01)"
2026,KY,single,1,0.0,0.035,needs_check,"Tax Foundation, State Individual Income Tax Rates and Brackets 2026 (as of 2026-01-01)"
2026,LA,mfj,1,0.0,0.03,needs_check,"Tax Foundation, State Individual Income Tax Rates and Brackets 2026 (as of 2026-01-01)"
2026,LA,single,1,0.0,0.03,needs_check,"Tax Foundation, State Individual Income Tax Rates and Brackets 2026 (as of 2026-01-01)"
2026,MA,mfj,1,0.0,0.05,needs_check,"Tax Foundation, State Individual Income Tax Rates and Brackets 2026 (as of 2026-01-01)"
2026,MA,single,1,0.0,0.05,needs_check,"Tax Foundation, State Individual Income Tax Rates and Brackets 2026 (as of 2026-01-01)"
2026,MD,mfj,1,0.0,0.02,needs_check,"Tax Foundation, State Individual Income Tax Rates and Brackets 2026 (as of 2026-01-01)"
2026,MD,mfj,2,1000.0,0.03,needs_check,"Tax Foundation, State Individual Income Tax Rates and Brackets 2026 (as of 2026-01-01)"
2026,MD,mfj,3,2000.0,0.04,needs_check,"Tax Foundation, State Individual Income Tax Rates and Brackets 2026 (as of 2026-01-01)"
2026,MD,mfj,4,3000.0,0.0475,needs_check,"Tax Foundation, State Individual Income Tax Rates and Brackets 2026 (as of 2026-01-01)"
2026,MD,mfj,5,150000.0,0.05,needs_check,"Tax Foundation, State Individual Income Tax Rates and Brackets 2026 (as of 2026-01-01)"
2026,MD,mfj,6,175000.0,0.0525,needs_check,"Tax Foundation, State Individual Income Tax Rates and Brackets 2026 (as of 2026-01-01)"
2026,MD,mfj,7,225000.0,0.055,needs_check,"Tax Foundation, State Individual Income Tax Rates and Brackets 2026 (as of 2026-01-01)"
2026,MD,mfj,8,300000.0,0.0575,needs_check,"Tax Foundation, State Individual Income Tax Rates and Brackets 2026 (as of 2026-01-01)"
2026,MD,mfj,9,600000.0,0.0625,needs_check,"Tax Foundation, State Individual Income Tax Rates and Brackets 2026 (as of 2026-01-01)"
2026,MD,mfj,10,1200000.0,0.065,needs_check,"Tax Foundation, State Individual Income Tax Rates and Brackets 2026 (as of 2026-01-01)"
2026,MD,single,1,0.0,0.02,needs_check,"Tax Foundation, State Individual Income Tax Rates and Brackets 2026 (as of 2026-01-01)"
2026,MD,single,2,1000.0,0.03,needs_check,"Tax Foundation, State Individual Income Tax Rates and Brackets 2026 (as of 2026-01-01)"
2026,MD,single,3,2000.0,0.04,needs_check,"Tax Foundation, State Individual Income Tax Rates and Brackets 2026 (as of 2026-01-01)"
2026,MD,single,4,3000.0,0.0475,needs_check,"Tax Foundation, State Individual Income Tax Rates and Brackets 2026 (as of 2026-01-01)"
2026,MD,single,5,100000.0,0.05,needs_check,"Tax Foundation, State Individual Income Tax Rates and Brackets 2026 (as of 2026-01-01)"
2026,MD,single,6,125000.0,0.0525,needs_check,"Tax Foundation, State Individual Income Tax Rates and Brackets 2026 (as of 2026-01-01)"
2026,MD,single,7,150000.0,0.055,needs_check,"Tax Foundation, State Individual Income Tax Rates and Brackets 2026 (as of 2026-01-01)"
2026,MD,single,8,250000.0,0.0575,needs_check,"Tax Foundation, State Individual Income Tax Rates and Brackets 2026 (as of 2026-01-01)"
2026,MD,single,9,500000.0,0.0625,needs_check,"Tax Foundation, State Individual Income Tax Rates and Brackets 2026 (as of 2026-01-01)"
2026,MD,single,10,1000000.0,0.065,needs_check,"Tax Foundation, State Individual Income Tax Rates and Brackets 2026 (as of 2026-01-01)"
2026,ME,mfj,1,0.0,0.058,needs_check,"Tax Foundation, State Individual Income Tax Rates and Brackets 2026 (as of 2026-01-01)"
2026,ME,mfj,2,54849.0,0.0675,needs_check,"Tax Foundation, State Individual Income Tax Rates and Brackets 2026 (as of 2026-01-01)"
2026,ME,mfj,3,129749.0,0.0715,needs_check,"Tax Foundation, State Individual Income Tax Rates and Brackets 2026 (as of 2026-01-01)"
2026,ME,single,1,0.0,0.058,needs_check,"Tax Foundation, State Individual Income Tax Rates and Brackets 2026 (as of 2026-01-01)"
2026,ME,single,2,27399.0,0.0675,needs_check,"Tax Foundation, State Individual Income Tax Rates and Brackets 2026 (as of 2026-01-01)"
2026,ME,single,3,64849.0,0.0715,needs_check,"Tax Foundation, State Individual Income Tax Rates and Brackets 2026 (as of 2026-01-01)"
2026,MI,mfj,1,0.0,0.0425,needs_check,"Tax Foundation, State Individual Income Tax Rates and Brackets 2026 (as of 2026-01-01)"
2026,MI,single,1,0.0,0.0425,needs_check,"Tax Foundation, State Individual Income Tax Rates and Brackets 2026 (as of 2026-01-01)"
2026,MN,mfj,1,0.0,0.0535,needs_check,"Tax Foundation, State Individual Income Tax Rates and Brackets 2026 (as of 2026-01-01)"
2026,MN,mfj,2,48700.0,0.068,needs_check,"Tax Foundation, State Individual Income Tax Rates and Brackets 2026 (as of 2026-01-01)"
2026,MN,mfj,3,193480.0,0.0785,needs_check,"Tax Foundation, State Individual Income Tax Rates and Brackets 2026 (as of 2026-01-01)"
2026,MN,mfj,4,337930.0,0.0985,needs_check,"Tax Foundation, State Individual Income Tax Rates and Brackets 2026 (as of 2026-01-01)"
2026,MN,single,1,0.0,0.0535,needs_check,"Tax Foundation, State Individual Income Tax Rates and Brackets 2026 (as of 2026-01-01)"
2026,MN,single,2,33310.0,0.068,needs_check,"Tax Foundation, State Individual Income Tax Rates and Brackets 2026 (as of 2026-01-01)"
2026,MN,single,3,109430.0,0.0785,needs_check,"Tax Foundation, State Individual Income Tax Rates and Brackets 2026 (as of 2026-01-01)"
2026,MN,single,4,203150.0,0.0985,needs_check,"Tax Foundation, State Individual Income Tax Rates and Brackets 2026 (as of 2026-01-01)"
2026,MO,mfj,1,0.0,0.0,needs_check,"Tax Foundation, State Individual Income Tax Rates and Brackets 2026 (as of 2026-01-01)"
2026,MO,mfj,2,1348.0,0.02,needs_check,"Tax Foundation, State Individual Income Tax Rates and Brackets 2026 (as of 2026-01-01)"
2026,MO,mfj,3,2696.0,0.025,needs_check,"Tax Foundation, State Individual Income Tax Rates and Brackets 2026 (as of 2026-01-01)"
2026,MO,mfj,4,4044.0,0.03,needs_check,"Tax Foundation, State Individual Income Tax Rates and Brackets 2026 (as of 2026-01-01)"
2026,MO,mfj,5,5392.0,0.035,needs_check,"Tax Foundation, State Individual Income Tax Rates and Brackets 2026 (as of 2026-01-01)"
2026,MO,mfj,6,6740.0,0.04,needs_check,"Tax Foundation, State Individual Income Tax Rates and Brackets 2026 (as of 2026-01-01)"
2026,MO,mfj,7,8088.0,0.045,needs_check,"Tax Foundation, State Individual Income Tax Rates and Brackets 2026 (as of 2026-01-01)"
2026,MO,mfj,8,9436.0,0.047,needs_check,"Tax Foundation, State Individual Income Tax Rates and Brackets 2026 (as of 2026-01-01)"
2026,MO,single,1,0.0,0.0,needs_check,"Tax Foundation, State Individual Income Tax Rates and Brackets 2026 (as of 2026-01-01)"
2026,MO,single,2,1348.0,0.02,needs_check,"Tax Foundation, State Individual Income Tax Rates and Brackets 2026 (as of 2026-01-01)"
2026,MO,single,3,2696.0,0.025,needs_check,"Tax Foundation, State Individual Income Tax Rates and Brackets 2026 (as of 2026-01-01)"
2026,MO,single,4,4044.0,0.03,needs_check,"Tax Foundation, State Individual Income Tax Rates and Brackets 2026 (as of 2026-01-01)"
2026,MO,single,5,5392.0,0.035,needs_check,"Tax Foundation, State Individual Income Tax Rates and Brackets 2026 (as of 2026-01-01)"
2026,MO,single,6,6740.0,0.04,needs_check,"Tax Foundation, State Individual Income Tax Rates and Brackets 2026 (as of 2026-01-01)"
2026,MO,single,7,8088.0,0.045,needs_check,"Tax Foundation, State Individual Income Tax Rates and Brackets 2026 (as of 2026-01-01)"
2026,MO,single,8,9436.0,0.047,needs_check,"Tax Foundation, State Individual Income Tax Rates and Brackets 2026 (as of 2026-01-01)"
2026,MS,mfj,1,0.0,0.0,needs_check,"Tax Foundation, State Individual Income Tax Rates and Brackets 2026 (as of 2026-01-01)"
2026,MS,mfj,2,10000.0,0.04,needs_check,"Tax Foundation, State Individual Income Tax Rates and Brackets 2026 (as of 2026-01-01)"
2026,MS,single,1,0.0,0.0,needs_check,"Tax Foundation, State Individual Income Tax Rates and Brackets 2026 (as of 2026-01-01)"
2026,MS,single,2,10000.0,0.04,needs_check,"Tax Foundation, State Individual Income Tax Rates and Brackets 2026 (as of 2026-01-01)"
2026,MT,mfj,1,0.0,0.047,needs_check,"Tax Foundation, State Individual Income Tax Rates and Brackets 2026 (as of 2026-01-01)"
2026,MT,mfj,2,95000.0,0.0565,needs_check,"Tax Foundation, State Individual Income Tax Rates and Brackets 2026 (as of 2026-01-01)"
2026,MT,single,1,0.0,0.047,needs_check,"Tax Foundation, State Individual Income Tax Rates and Brackets 2026 (as of 2026-01-01)"
2026,MT,single,2,47500.0,0.0565,needs_check,"Tax Foundation, State Individual Income Tax Rates and Brackets 2026 (as of 2026-01-01)"
2026,NC,mfj,1,0.0,0.0399,needs_check,"Tax Foundation, State Individual Income Tax Rates and Brackets 2026 (as of 2026-01-01)"
2026,NC,single,1,0.0,0.0399,needs_check,"Tax Foundation, State Individual Income Tax Rates and Brackets 2026 (as of 2026-01-01)"
2026,ND,mfj,1,0.0,0.0,stale_2025,"Tax Foundation, State Individual Income Tax Rates and Brackets 2026 (as of 2026-01-01)"
2026,ND,mfj,2,80975.0,0.0195,stale_2025,"Tax Foundation, State Individual Income Tax Rates and Brackets 2026 (as of 2026-01-01)"
2026,ND,mfj,3,298075.0,0.025,stale_2025,"Tax Foundation, State Individual Income Tax Rates and Brackets 2026 (as of 2026-01-01)"
2026,ND,single,1,0.0,0.0,stale_2025,"Tax Foundation, State Individual Income Tax Rates and Brackets 2026 (as of 2026-01-01)"
2026,ND,single,2,48475.0,0.0195,stale_2025,"Tax Foundation, State Individual Income Tax Rates and Brackets 2026 (as of 2026-01-01)"
2026,ND,single,3,244825.0,0.025,stale_2025,"Tax Foundation, State Individual Income Tax Rates and Brackets 2026 (as of 2026-01-01)"
2026,NE,mfj,1,0.0,0.0246,needs_check,"Tax Foundation, State Individual Income Tax Rates and Brackets 2026 (as of 2026-01-01)"
2026,NE,mfj,2,8250.0,0.0351,needs_check,"Tax Foundation, State Individual Income Tax Rates and Brackets 2026 (as of 2026-01-01)"
2026,NE,mfj,3,49530.0,0.0455,needs_check,"Tax Foundation, State Individual Income Tax Rates and Brackets 2026 (as of 2026-01-01)"
2026,NE,single,1,0.0,0.0246,needs_check,"Tax Foundation, State Individual Income Tax Rates and Brackets 2026 (as of 2026-01-01)"
2026,NE,single,2,4130.0,0.0351,needs_check,"Tax Foundation, State Individual Income Tax Rates and Brackets 2026 (as of 2026-01-01)"
2026,NE,single,3,24760.0,0.0455,needs_check,"Tax Foundation, State Individual Income Tax Rates and Brackets 2026 (as of 2026-01-01)"
2026,NJ,mfj,1,0.0,0.014,needs_check,"Tax Foundation, State Individual Income Tax Rates and Brackets 2026 (as of 2026-01-01)"
2026,NJ,mfj,2,20000.0,0.0175,needs_check,"Tax Foundation, State Individual Income Tax Rates and Brackets 2026 (as of 2026-01-01)"
2026,NJ,mfj,3,50000.0,0.0245,needs_check,"Tax Foundation, State Individual Income Tax Rates and Brackets 2026 (as of 2026-01-01)"
2026,NJ,mfj,4,70000.0,0.035,needs_check,"Tax Foundation, State Individual Income Tax Rates and Brackets 2026 (as of 2026-01-01)"
2026,NJ,mfj,5,80000.0,0.0553,needs_check,"Tax Foundation, State Individual Income Tax Rates and Brackets 2026 (as of 2026-01-01)"
2026,NJ,mfj,6,150000.0,0.0637,needs_check,"Tax Foundation, State Individual Income Tax Rates and Brackets 2026 (as of 2026-01-01)"
2026,NJ,mfj,7,500000.0,0.0897,needs_check,"Tax Foundation, State Individual Income Tax Rates and Brackets 2026 (as of 2026-01-01)"
2026,NJ,mfj,8,1000000.0,0.1075,needs_check,"Tax Foundation, State Individual Income Tax Rates and Brackets 2026 (as of 2026-01-01)"
2026,NJ,single,1,0.0,0.014,needs_check,"Tax Foundation, State Individual Income Tax Rates and Brackets 2026 (as of 2026-01-01)"
2026,NJ,single,2,20000.0,0.0175,needs_check,"Tax Foundation, State Individual Income Tax Rates and Brackets 2026 (as of 2026-01-01)"
2026,NJ,single,3,35000.0,0.035,needs_check,"Tax Foundation, State Individual Income Tax Rates and Brackets 2026 (as of 2026-01-01)"
2026,NJ,single,4,40000.0,0.0553,needs_check,"Tax Foundation, State Individual Income Tax Rates and Brackets 2026 (as of 2026-01-01)"
2026,NJ,single,5,75000.0,0.0637,needs_check,"Tax Foundation, State Individual Income Tax Rates and Brackets 2026 (as of 2026-01-01)"
2026,NJ,single,6,500000.0,0.0897,needs_check,"Tax Foundation, State Individual Income Tax Rates and Brackets 2026 (as of 2026-01-01)"
2026,NJ,single,7,1000000.0,0.1075,needs_check,"Tax Foundation, State Individual Income Tax Rates and Brackets 2026 (as of 2026-01-01)"
2026,NM,mfj,1,0.0,0.015,needs_check,"Tax Foundation, State Individual Income Tax Rates and Brackets 2026 (as of 2026-01-01)"
2026,NM,mfj,2,8000.0,0.032,needs_check,"Tax Foundation, State Individual Income Tax Rates and Brackets 2026 (as of 2026-01-01)"
2026,NM,mfj,3,25000.0,0.043,needs_check,"Tax Foundation, State Individual Income Tax Rates and Brackets 2026 (as of 2026-01-01)"
2026,NM,mfj,4,50000.0,0.047,needs_check,"Tax Foundation, State Individual Income Tax Rates and Brackets 2026 (as of 2026-01-01)"
2026,NM,mfj,5,100000.0,0.049,needs_check,"Tax Foundation, State Individual Income Tax Rates and Brackets 2026 (as of 2026-01-01)"
2026,NM,mfj,6,315000.0,0.059,needs_check,"Tax Foundation, State Individual Income Tax Rates and Brackets 2026 (as of 2026-01-01)"
2026,NM,single,1,0.0,0.015,needs_check,"Tax Foundation, State Individual Income Tax Rates and Brackets 2026 (as of 2026-01-01)"
2026,NM,single,2,5500.0,0.032,needs_check,"Tax Foundation, State Individual Income Tax Rates and Brackets 2026 (as of 2026-01-01)"
2026,NM,single,3,16500.0,0.043,needs_check,"Tax Foundation, State Individual Income Tax Rates and Brackets 2026 (as of 2026-01-01)"
2026,NM,single,4,33500.0,0.047,needs_check,"Tax Foundation, State Individual Income Tax Rates and Brackets 2026 (as of 2026-01-01)"
2026,NM,single,5,66500.0,0.049,needs_check,"Tax Foundation, State Individual Income Tax Rates and Brackets 2026 (as of 2026-01-01)"
2026,NM,single,6,210000.0,0.059,needs_check,"Tax Foundation, State Individual Income Tax Rates and Brackets 2026 (as of 2026-01-01)"
2026,NY,mfj,1,0.0,0.039,needs_check,"Tax Foundation, State Individual Income Tax Rates and Brackets 2026 (as of 2026-01-01)"
2026,NY,mfj,2,17150.0,0.044,needs_check,"Tax Foundation, State Individual Income Tax Rates and Brackets 2026 (as of 2026-01-01)"
2026,NY,mfj,3,23600.0,0.0515,needs_check,"Tax Foundation, State Individual Income Tax Rates and Brackets 2026 (as of 2026-01-01)"
2026,NY,mfj,4,27900.0,0.054,needs_check,"Tax Foundation, State Individual Income Tax Rates and Brackets 2026 (as of 2026-01-01)"
2026,NY,mfj,5,161550.0,0.059,needs_check,"Tax Foundation, State Individual Income Tax Rates and Brackets 2026 (as of 2026-01-01)"
2026,NY,mfj,6,323200.0,0.0685,needs_check,"Tax Foundation, State Individual Income Tax Rates and Brackets 2026 (as of 2026-01-01)"
2026,NY,mfj,7,2155350.0,0.0965,needs_check,"Tax Foundation, State Individual Income Tax Rates and Brackets 2026 (as of 2026-01-01)"
2026,NY,mfj,8,5000000.0,0.103,needs_check,"Tax Foundation, State Individual Income Tax Rates and Brackets 2026 (as of 2026-01-01)"
2026,NY,mfj,9,25000000.0,0.109,needs_check,"Tax Foundation, State Individual Income Tax Rates and Brackets 2026 (as of 2026-01-01)"
2026,NY,single,1,0.0,0.039,needs_check,"Tax Foundation, State Individual Income Tax Rates and Brackets 2026 (as of 2026-01-01)"
2026,NY,single,2,8500.0,0.044,needs_check,"Tax Foundation, State Individual Income Tax Rates and Brackets 2026 (as of 2026-01-01)"
2026,NY,single,3,11700.0,0.0515,needs_check,"Tax Foundation, State Individual Income Tax Rates and Brackets 2026 (as of 2026-01-01)"
2026,NY,single,4,13900.0,0.054,needs_check,"Tax Foundation, State Individual Income Tax Rates and Brackets 2026 (as of 2026-01-01)"
2026,NY,single,5,80650.0,0.059,needs_check,"Tax Foundation, State Individual Income Tax Rates and Brackets 2026 (as of 2026-01-01)"
2026,NY,single,6,215400.0,0.0685,needs_check,"Tax Foundation, State Individual Income Tax Rates and Brackets 2026 (as of 2026-01-01)"
2026,NY,single,7,1077550.0,0.0965,needs_check,"Tax Foundation, State Individual Income Tax Rates and Brackets 2026 (as of 2026-01-01)"
2026,NY,single,8,5000000.0,0.103,needs_check,"Tax Foundation, State Individual Income Tax Rates and Brackets 2026 (as of 2026-01-01)"
2026,NY,single,9,25000000.0,0.109,needs_check,"Tax Foundation, State Individual Income Tax Rates and Brackets 2026 (as of 2026-01-01)"
2026,OH,mfj,1,0.0,0.0,needs_check,"Tax Foundation, State Individual Income Tax Rates and Brackets 2026 (as of 2026-01-01)"
2026,OH,mfj,2,26050.0,0.0275,needs_check,"Tax Foundation, State Individual Income Tax Rates and Brackets 2026 (as of 2026-01-01)"
2026,OH,single,1,0.0,0.0,needs_check,"Tax Foundation, State Individual Income Tax Rates and Brackets 2026 (as of 2026-01-01)"
2026,OH,single,2,26050.0,0.0275,needs_check,"Tax Foundation, State Individual Income Tax Rates and Brackets 2026 (as of 2026-01-01)"
2026,OK,mfj,1,0.0,0.0,needs_check,"Tax Foundation, State Individual Income Tax Rates and Brackets 2026 (as of 2026-01-01)"
2026,OK,mfj,2,7500.0,0.025,needs_check,"Tax Foundation, State Individual Income Tax Rates and Brackets 2026 (as of 2026-01-01)"
2026,OK,mfj,3,9800.0,0.035,needs_check,"Tax Foundation, State Individual Income Tax Rates and Brackets 2026 (as of 2026-01-01)"
2026,OK,mfj,4,14400.0,0.045,needs_check,"Tax Foundation, State Individual Income Tax Rates and Brackets 2026 (as of 2026-01-01)"
2026,OK,single,1,0.0,0.0,needs_check,"Tax Foundation, State Individual Income Tax Rates and Brackets 2026 (as of 2026-01-01)"
2026,OK,single,2,3750.0,0.025,needs_check,"Tax Foundation, State Individual Income Tax Rates and Brackets 2026 (as of 2026-01-01)"
2026,OK,single,3,4900.0,0.035,needs_check,"Tax Foundation, State Individual Income Tax Rates and Brackets 2026 (as of 2026-01-01)"
2026,OK,single,4,7200.0,0.045,needs_check,"Tax Foundation, State Individual Income Tax Rates and Brackets 2026 (as of 2026-01-01)"
2026,OR,mfj,1,0.0,0.0475,needs_check,"Tax Foundation, State Individual Income Tax Rates and Brackets 2026 (as of 2026-01-01)"
2026,OR,mfj,2,9100.0,0.0675,needs_check,"Tax Foundation, State Individual Income Tax Rates and Brackets 2026 (as of 2026-01-01)"
2026,OR,mfj,3,22800.0,0.0875,needs_check,"Tax Foundation, State Individual Income Tax Rates and Brackets 2026 (as of 2026-01-01)"
2026,OR,mfj,4,250000.0,0.099,needs_check,"Tax Foundation, State Individual Income Tax Rates and Brackets 2026 (as of 2026-01-01)"
2026,OR,single,1,0.0,0.0475,needs_check,"Tax Foundation, State Individual Income Tax Rates and Brackets 2026 (as of 2026-01-01)"
2026,OR,single,2,4550.0,0.0675,needs_check,"Tax Foundation, State Individual Income Tax Rates and Brackets 2026 (as of 2026-01-01)"
2026,OR,single,3,11400.0,0.0875,needs_check,"Tax Foundation, State Individual Income Tax Rates and Brackets 2026 (as of 2026-01-01)"
2026,OR,single,4,125000.0,0.099,needs_check,"Tax Foundation, State Individual Income Tax Rates and Brackets 2026 (as of 2026-01-01)"
2026,PA,mfj,1,0.0,0.0307,needs_check,"Tax Foundation, State Individual Income Tax Rates and Brackets 2026 (as of 2026-01-01)"
2026,PA,single,1,0.0,0.0307,needs_check,"Tax Foundation, State Individual Income Tax Rates and Brackets 2026 (as of 2026-01-01)"
2026,RI,mfj,1,0.0,0.0375,needs_check,"Tax Foundation, State Individual Income Tax Rates and Brackets 2026 (as of 2026-01-01)"
2026,RI,mfj,2,82050.0,0.0475,needs_check,"Tax Foundation, State Individual Income Tax Rates and Brackets 2026 (as of 2026-01-01)"
2026,RI,mfj,3,186450.0,0.0599,needs_check,"Tax Foundation, State Individual Income Tax Rates and Brackets 2026 (as of 2026-01-01)"
2026,RI,single,1,0.0,0.0375,needs_check,"Tax Foundation, State Individual Income Tax Rates and Brackets 2026 (as of 2026-01-01)"
2026,RI,single,2,82050.0,0.0475,needs_check,"Tax Foundation, State Individual Income Tax Rates and Brackets 2026 (as of 2026-01-01)"
2026,RI,single,3,186450.0,0.0599,needs_check,"Tax Foundation, State Individual Income Tax Rates and Brackets 2026 (as of 2026-01-01)"
2026,SC,mfj,1,0.0,0.0,needs_check,"Tax Foundation, State Individual Income Tax Rates and Brackets 2026 (as of 2026-01-01)"
2026,SC,mfj,2,3640.0,0.03,needs_check,"Tax Foundation, State Individual Income Tax Rates and Brackets 2026 (as of 2026-01-01)"
2026,SC,mfj,3,18230.0,0.06,needs_check,"Tax Foundation, State Individual Income Tax Rates and Brackets 2026 (as of 2026-01-01)"
2026,SC,single,1,0.0,0.0,needs_check,"Tax Foundation, State Individual Income Tax Rates and Brackets 2026 (as of 2026-01-01)"
2026,SC,single,2,3640.0,0.03,needs_check,"Tax Foundation, State Individual Income Tax Rates and Brackets 2026 (as of 2026-01-01)"
2026,SC,single,3,18230.0,0.06,needs_check,"Tax Foundation, State Individual Income Tax Rates and Brackets 2026 (as of 2026-01-01)"
2026,UT,mfj,1,0.0,0.045,needs_check,"Tax Foundation, State Individual Income Tax Rates and Brackets 2026 (as of 2026-01-01)"
2026,UT,single,1,0.0,0.045,needs_check,"Tax Foundation, State Individual Income Tax Rates and Brackets 2026 (as of 2026-01-01)"
2026,VA,mfj,1,0.0,0.02,needs_check,"Tax Foundation, State Individual Income Tax Rates and Brackets 2026 (as of 2026-01-01)"
2026,VA,mfj,2,3000.0,0.03,needs_check,"Tax Foundation, State Individual Income Tax Rates and Brackets 2026 (as of 2026-01-01)"
2026,VA,mfj,3,5000.0,0.05,needs_check,"Tax Foundation, State Individual Income Tax Rates and Brackets 2026 (as of 2026-01-01)"
2026,VA,mfj,4,17000.0,0.0575,needs_check,"Tax Foundation, State Individual Income Tax Rates and Brackets 2026 (as of 2026-01-01)"
2026,VA,single,1,0.0,0.02,needs_check,"Tax Foundation, State Individual Income Tax Rates and Brackets 2026 (as of 2026-01-01)"
2026,VA,single,2,3000.0,0.03,needs_check,"Tax Foundation, State Individual Income Tax Rates and Brackets 2026 (as of 2026-01-01)"
2026,VA,single,3,5000.0,0.05,needs_check,"Tax Foundation, State Individual Income Tax Rates and Brackets 2026 (as of 2026-01-01)"
2026,VA,single,4,17000.0,0.0575,needs_check,"Tax Foundation, State Individual Income Tax Rates and Brackets 2026 (as of 2026-01-01)"
2026,VT,mfj,1,0.0,0.0335,stale_2025,"Tax Foundation, State Individual Income Tax Rates and Brackets 2026 (as of 2026-01-01)"
2026,VT,mfj,2,82500.0,0.066,stale_2025,"Tax Foundation, State Individual Income Tax Rates and Brackets 2026 (as of 2026-01-01)"
2026,VT,mfj,3,199450.0,0.076,stale_2025,"Tax Foundation, State Individual Income Tax Rates and Brackets 2026 (as of 2026-01-01)"
2026,VT,mfj,4,304000.0,0.0875,stale_2025,"Tax Foundation, State Individual Income Tax Rates and Brackets 2026 (as of 2026-01-01)"
2026,VT,single,1,0.0,0.0335,stale_2025,"Tax Foundation, State Individual Income Tax Rates and Brackets 2026 (as of 2026-01-01)"
2026,VT,single,2,49400.0,0.066,stale_2025,"Tax Foundation, State Individual Income Tax Rates and Brackets 2026 (as of 2026-01-01)"
2026,VT,single,3,119700.0,0.076,stale_2025,"Tax Foundation, State Individual Income Tax Rates and Brackets 2026 (as of 2026-01-01)"
2026,VT,single,4,249700.0,0.0875,stale_2025,"Tax Foundation, State Individual Income Tax Rates and Brackets 2026 (as of 2026-01-01)"
2026,WI,mfj,1,0.0,0.035,needs_check,"Tax Foundation, State Individual Income Tax Rates and Brackets 2026 (as of 2026-01-01)"
2026,WI,mfj,2,20150.0,0.044,needs_check,"Tax Foundation, State Individual Income Tax Rates and Brackets 2026 (as of 2026-01-01)"
2026,WI,mfj,3,69260.0,0.053,needs_check,"Tax Foundation, State Individual Income Tax Rates and Brackets 2026 (as of 2026-01-01)"
2026,WI,mfj,4,443630.0,0.0765,needs_check,"Tax Foundation, State Individual Income Tax Rates and Brackets 2026 (as of 2026-01-01)"
2026,WI,single,1,0.0,0.035,needs_check,"Tax Foundation, State Individual Income Tax Rates and Brackets 2026 (as of 2026-01-01)"
2026,WI,single,2,15110.0,0.044,needs_check,"Tax Foundation, State Individual Income Tax Rates and Brackets 2026 (as of 2026-01-01)"
2026,WI,single,3,51950.0,0.053,needs_check,"Tax Foundation, State Individual Income Tax Rates and Brackets 2026 (as of 2026-01-01)"
2026,WI,single,4,332720.0,0.0765,needs_check,"Tax Foundation, State Individual Income Tax Rates and Brackets 2026 (as of 2026-01-01)"
2026,WV,mfj,1,0.0,0.0222,needs_check,"Tax Foundation, State Individual Income Tax Rates and Brackets 2026 (as of 2026-01-01)"
2026,WV,mfj,2,10000.0,0.0296,needs_check,"Tax Foundation, State Individual Income Tax Rates and Brackets 2026 (as of 2026-01-01)"
2026,WV,mfj,3,25000.0,0.0333,needs_check,"Tax Foundation, State Individual Income Tax Rates and Brackets 2026 (as of 2026-01-01)"
2026,WV,mfj,4,40000.0,0.0444,needs_check,"Tax Foundation, State Individual Income Tax Rates and Brackets 2026 (as of 2026-01-01)"
2026,WV,mfj,5,60000.0,0.0482,needs_check,"Tax Foundation, State Individual Income Tax Rates and Brackets 2026 (as of 2026-01-01)"
2026,WV,single,1,0.0,0.0222,needs_check,"Tax Foundation, State Individual Income Tax Rates and Brackets 2026 (as of 2026-01-01)"
2026,WV,single,2,10000.0,0.0296,needs_check,"Tax Foundation, State Individual Income Tax Rates and Brackets 2026 (as of 2026-01-01)"
2026,WV,single,3,25000.0,0.0333,needs_check,"Tax Foundation, State Individual Income Tax Rates and Brackets 2026 (as of 2026-01-01)"
2026,WV,single,4,40000.0,0.0444,needs_check,"Tax Foundation, State Individual Income Tax Rates and Brackets 2026 (as of 2026-01-01)"
2026,WV,single,5,60000.0,0.0482,needs_check,"Tax Foundation, State Individual Income Tax Rates and Brackets 2026 (as of 2026-01-01)"
