tax_year,state_code,filing_status,standard_deduction,std_deduction_is_credit,personal_exemption,exemption_is_credit
2026,AL,single,3000.0,0,1500.0,0
2026,AL,mfj,8500.0,0,3000.0,0
2026,AZ,single,8350.0,0,,0
2026,AZ,mfj,16700.0,0,,0
2026,AR,single,2470.0,0,29.0,1
2026,AR,mfj,4940.0,0,58.0,1
2026,CA,single,5540.0,0,153.0,1
2026,CA,mfj,11080.0,0,306.0,1
2026,CO,single,16100.0,0,,0
2026,CO,mfj,32200.0,0,,0
2026,CT,single,,0,15000.0,0
2026,CT,mfj,,0,24000.0,0
2026,DE,single,3250.0,0,110.0,1
2026,DE,mfj,6500.0,0,220.0,1
2026,GA,single,15000.0,0,,0
2026,GA,mfj,24000.0,0,,0
2026,HI,single,4400.0,0,1144.0,0
2026,HI,mfj,8800.0,0,2288.0,0
2026,ID,single,16100.0,0,,0
2026,ID,mfj,32200.0,0,,0
2026,IL,single,,0,2925.0,0
2026,IL,mfj,,0,5850.0,0
2026,IN,single,,0,1000.0,0
2026,IN,mfj,,0,2000.0,0
2026,IA,single,16100.0,0,40.0,1
2026,IA,mfj,32200.0,0,80.0,1
2026,KS,single,3605.0,0,9160.0,0
2026,KS,mfj,8240.0,0,18320.0,0
2026,KY,single,3360.0,0,,0
2026,KY,mfj,3360.0,0,,0
2026,LA,single,12875.0,0,,0
2026,LA,mfj,25750.0,0,,0
2026,ME,single,8350.0,0,5300.0,0
2026,ME,mfj,16700.0,0,10600.0,0
2026,MD,single,3350.0,0,3200.0,0
2026,MD,mfj,6700.0,0,6400.0,0
2026,MA,single,,0,4400.0,0
2026,MA,mfj,,0,8800.0,0
2026,MI,single,,0,5900.0,0
2026,MI,mfj,,0,11800.0,0
2026,MN,single,15300.0,0,,0
2026,MN,mfj,30600.0,0,,0
2026,MS,single,2300.0,0,6000.0,0
2026,MS,mfj,4600.0,0,12000.0,0
2026,MO,single,16100.0,0,,0
2026,MO,mfj,32200.0,0,,0
2026,MT,single,16100.0,0,,0
2026,MT,mfj,32200.0,0,,0
2026,NE,single,8850.0,0,176.0,1
2026,NE,mfj,17700.0,0,352.0,1
2026,NJ,single,,0,1000.0,0
2026,NJ,mfj,,0,2000.0,0
2026,NM,single,16100.0,0,,0
2026,NM,mfj,32200.0,0,,0
2026,NY,single,8000.0,0,,0
2026,NY,mfj,16050.0,0,,0
2026,NC,single,12750.0,0,,0
2026,NC,mfj,25500.0,0,,0
2026,ND,single,16100.0,0,,0
2026,ND,mfj,32200.0,0,,0
2026,OH,single,,0,2400.0,0
2026,OH,mfj,,0,4800.0,0
2026,OK,single,6350.0,0,1000.0,0
2026,OK,mfj,12700.0,0,2000.0,0
2026,OR,single,2910.0,0,256.0,1
2026,OR,mfj,5820.0,0,512.0,1
2026,RI,single,11200.0,0,5250.0,0
2026,RI,mfj,22400.0,0,10500.0,0
2026,SC,single,8350.0,0,,0
2026,SC,mfj,16700.0,0,,0
2026,UT,single,966.0,1,,0
2026,UT,mfj,1932.0,1,,0
2026,VT,single,7650.0,0,5300.0,0
2026,VT,mfj,15300.0,0,10600.0,0
2026,VA,single,8750.0,0,930.0,0
2026,VA,mfj,17500.0,0,1860.0,0
2026,WV,single,,0,2000.0,0
2026,WV,mfj,,0,4000.0,0
2026,WI,single,13960.0,0,700.0,0
2026,WI,mfj,25840.0,0,1400.0,0
2026,DC,single,16100.0,0,,0
2026,DC,mfj,32200.0,0,,0
